id,created_at,message,blog_id,author_id
1,2026-02-02 17:05:13.154507+00,This blog is a fantastic guide to making rainbow cupcakes! The step-by-step instructions and tips for layering and decorating are incredibly helpful. I love the idea of using gel food coloring and the colorful frosting swirl. Can๏ฟฝ๏ฟฝ๏ฟฝ๏ฟฝ๏ฟฝ๏ฟฝ๏ฟฝ๏ฟฝ๏ฟฝ๏ฟฝ๏ฟฝ๏ฟฝ๏ฟฝ๏ฟฝ๏ฟฝ๏ฟฝ๏ฟฝ๏ฟฝ๏ฟฝ๏ฟฝ๏ฟฝ๏ฟฝ๏ฟฝ๏ฟฝ๏ฟฝ๏,35,5087a2a3-efd2-4d78-9123-c208ef18752e
3,2026-02-02 04:04:48.973645+00,This blog beautifully captures the essence of coffee culture! I loved learning about the journey from bean to cup and the various brewing methods. The section on coffee๏ฟฝ๏ฟฝ๏ฟฝ๏ฟฝ๏ฟฝ๏ฟฝ๏ฟฝ๏ฟฝ๏ฟฝ๏ฟฝ๏ฟฝ๏ฟฝ๏ฟฝ๏ฟฝ๏ฟฝ๏ฟฝ๏ฟฝ๏ฟฝ๏ฟฝ๏ฟฝ๏,37,59b39718-62c7-45cc-952e-c78fb6feaf91
4,2026-02-03 06:41:36.45194+00,"The detailed exploration of different coffee brewing techniques was fascinating. I๏ฟฝ๏ฟฝ๏ฟฝ๏ฟฝ๏ฟฝ๏ฟฝ๏ฟฝ๏ฟฝ๏ฟฝ๏ฟฝ๏ฟฝ๏ฟฝ๏ฟฝ๏ฟฝ๏ฟฝ๏ฟฝ๏ฟฝ๏ฟฝ๏ฟฝ๏ฟฝ๏ฟฝ๏ฟฝ๏ฟฝ๏ฟฝ๏ฟฝ๏ฟฝ๏ฟฝm excited to try out some of the methods mentioned, like the pour-over and",37,e31a9b9b-e766-45cf-9381-c575c91f1959
5,2026-02-02 06:43:10.495703+00,I appreciate how the blog highlighted the global diversity of coffee culture. It๏ฟฝ๏ฟฝ๏ฟฝ๏ฟฝ๏ฟฝ๏ฟฝ๏ฟฝ๏ฟฝ๏ฟฝ๏ฟฝ๏ฟฝ๏ฟฝ๏ฟฝ๏ฟฝ๏ฟฝ๏ฟฝ๏ฟฝ๏ฟฝ๏ฟฝ๏ฟฝ๏ฟฝ๏ฟฝ๏ฟฝ๏ฟฝ๏ฟฝ๏ฟฝ๏ฟฝs amazing to see how different countries enjoy their coffee in unique ways. ,37,5087a2a3-efd2-4d78-9123-c208ef18752e
6,2026-02-02 10:12:31.816142+00,The blog๏ฟฝ๏ฟฝ๏ฟฝ๏ฟฝ๏ฟฝ๏ฟฝ๏ฟฝ๏ฟฝ๏ฟฝ๏ฟฝ๏ฟฝ๏ฟฝ๏ฟฝ๏ฟฝ๏ฟฝ๏ฟฝ๏ฟฝ๏ฟฝ๏ฟฝ๏ฟฝ๏ฟฝ๏ฟฝ๏ฟฝ๏ฟฝ๏ฟฝ๏ฟฝ๏ฟฝs focus on the science behind coffee๏ฟฝ๏ฟฝ๏ฟฝ๏ฟฝ๏ฟฝ๏ฟฝ๏ฟฝ๏ฟฝ๏ฟฝ๏ฟฝ๏ฟฝ๏ฟฝ๏ฟฝ๏ฟฝ๏ฟฝ๏ฟฝ๏ฟฝ๏ฟฝ๏ฟฝ๏ฟฝ๏ฟฝ๏ฟฝ๏ฟฝ๏ฟฝ๏ฟฝ๏ฟฝ๏ฟฝs stimulating effects was eye-opening. I had no idea ab,37,59b39718-62c7-45cc-952e-c78fb6feaf91
7,2026-02-05 10:13:11.499271+00,What a delightful read! I never thought about pairing coffee with cheesecake in such a thoughtful way. The tips on matching flavors and intensities were particularly helpful. I can๏ฟฝ๏ฟฝ๏ฟฝ๏ฟฝ๏ฟฝ๏ฟฝ๏ฟฝ๏ฟฝ๏ฟฝ๏ฟฝ๏ฟฝ๏ฟฝ๏ฟฝ๏ฟฝ๏ฟฝ๏ฟฝ๏ฟฝ๏ฟฝ๏ฟฝ๏ฟฝ๏ฟฝ๏ฟฝ๏ฟฝ๏ฟฝ๏ฟฝ๏ฟฝ๏ฟฝt wait to try a class,38,e31a9b9b-e766-45cf-9381-c575c91f1959
8,2026-02-06 10:13:42.804041+00,This blog has me craving cheesecake and coffee right now! I loved the suggestions for incorporating coffee into the cheesecake itself and the creative pairing ideas. The emphasis on presentation was a nice touch๏ฟฝ๏ฟฝ๏ฟฝ๏ฟฝ๏ฟฝ๏ฟฝ๏ฟฝ๏ฟฝ๏ฟฝ๏ฟฝ๏ฟฝ๏ฟฝ๏ฟฝ๏ฟฝ๏ฟฝ๏ฟฝ๏ฟฝ๏ฟฝ๏ฟฝ๏ฟฝ๏ฟฝ๏ฟฝ๏ฟฝ๏ฟฝ๏ฟฝ๏ฟฝ๏ฟฝmakes me want,38,5087a2a3-efd2-4d78-9123-c208ef18752e
9,2026-02-06 10:14:20.677645+00,This blog is fantastic! I love the detailed tips on creating a special drink. The suggestions for protein sources and flavor boosters are particularly useful. I can๏ฟฝ๏ฟฝ๏ฟฝ๏ฟฝ๏ฟฝ๏ฟฝ๏ฟฝ๏ฟฝ๏ฟฝ๏ฟฝ๏ฟฝ๏ฟฝ๏ฟฝ๏ฟฝ๏ฟฝ๏ฟฝ๏ฟฝ๏ฟฝ๏ฟฝ๏ฟฝ๏ฟฝ๏ฟฝ๏ฟฝ๏ฟฝ๏ฟฝ๏ฟฝ๏ฟฝt wait to try adding chia seeds a,39,5087a2a3-efd2-4d78-9123-c208ef18752e
10,2026-02-26 10:14:56.937372+00,What a comprehensive guide to drinks! The idea of tailoring drinks to specific dietary needs is really helpful. I appreciate the focus on balancing ingredients and the extra tips for customization. I๏ฟฝ๏ฟฝ๏ฟฝ๏ฟฝ๏ฟฝ๏ฟฝ๏ฟฝ๏ฟฝ๏ฟฝ๏ฟฝ๏ฟฝ๏ฟฝ๏ฟฝ๏ฟฝ๏ฟฝ๏ฟฝ๏ฟฝ๏ฟฝ๏ฟฝ๏ฟฝ๏ฟฝ๏ฟฝ๏ฟฝ๏ฟฝ๏ฟฝ๏ฟฝ๏ฟฝm inspired to exp,39,59b39718-62c7-45cc-952e-c78fb6feaf91
11,2026-02-11 10:24:15.4485+00,I loved reading about the variety of strawberry drinks you can make! The strawberry basil mocktail sounds like a sophisticated and unique option for my next gathering. The infused water idea is a great way to enjoy a hint of fruitiness without added sugars. Great tips and recipes!,40,e31a9b9b-e766-45cf-9381-c575c91f1959
12,2026-02-26 10:24:37.460432+00,This blog is a strawberry lover๏ฟฝ๏ฟฝ๏ฟฝ๏ฟฝ๏ฟฝ๏ฟฝ๏ฟฝ๏ฟฝ๏ฟฝ๏ฟฝ๏ฟฝ๏ฟฝ๏ฟฝ๏ฟฝ๏ฟฝ๏ฟฝ๏ฟฝ๏ฟฝ๏ฟฝ๏ฟฝ๏ฟฝ๏ฟฝ๏ฟฝ๏ฟฝ๏ฟฝ๏ฟฝ๏ฟฝs dream! I๏ฟฝ๏ฟฝ๏ฟฝ๏ฟฝ๏ฟฝ๏ฟฝ๏ฟฝ๏ฟฝ๏ฟฝ๏ฟฝ๏ฟฝ๏ฟฝ๏ฟฝ๏ฟฝ๏ฟฝ๏ฟฝ๏ฟฝ๏ฟฝ๏ฟฝ๏ฟฝ๏ฟฝ๏ฟฝ๏ฟฝ๏ฟฝ๏ฟฝ๏ฟฝ๏ฟฝm excited to try making strawberry lemonade with a sparkling twist. The smoothie and ,40,5087a2a3-efd2-4d78-9123-c208ef18752e
13,2026-02-26 10:25:03.396138+00,What a thorough guide to making the perfect chocolate cupcake! The step-by-step instructions and baking tips are incredibly helpful. I love the idea of experimenting with different frostings and decorations. Can๏ฟฝ๏ฟฝ๏ฟฝ๏ฟฝ๏ฟฝ๏ฟฝ๏ฟฝ๏ฟฝ๏ฟฝ๏ฟฝ๏ฟฝ๏ฟฝ๏ฟฝ๏ฟ,41,59b39718-62c7-45cc-952e-c78fb6feaf91
14,2026-02-22 10:25:24.976881+00,The chocolate cupcake recipes look divine! I๏ฟฝ๏ฟฝ๏ฟฝ๏ฟฝ๏ฟฝ๏ฟฝ๏ฟฝ๏ฟฝ๏ฟฝ๏ฟฝ๏ฟฝ๏ฟฝ๏ฟฝ๏ฟฝ๏ฟฝ๏ฟฝ๏ฟฝ๏ฟฝ๏ฟฝ๏ฟฝ๏ฟฝ๏ฟฝ๏ฟฝ๏ฟฝ๏ฟฝ๏ฟฝ๏ฟฝm particularly intrigued by the suggestion of adding espresso powder to enhance the chocolate flavor. The decorating tips are also fantastic๏ฟฝ๏ฟฝ,41,e31a9b9b-e766-45cf-9381-c575c91f1959
15,2026-02-16 10:25:46.797367+00,What a thorough guide to making the perfect chocolate cupcake! The step-by-step instructions and baking tips are incredibly helpful. I love the idea of experimenting with different frostings and decorations. Can๏ฟฝ๏ฟฝ๏ฟฝ๏ฟฝ๏ฟฝ๏ฟฝ๏ฟฝ๏ฟฝ๏ฟฝ๏ฟฝ๏ฟฝ๏ฟฝ๏ฟฝ๏ฟ,41,5087a2a3-efd2-4d78-9123-c208ef18752e
16,2026-02-25 10:26:05.924688+00,This blog makes baking chocolate cupcakes seem so approachable and fun! I especially appreciate the tips on achieving a moist texture and the advice on filling and frosting options. I๏ฟฝ๏ฟฝ๏ฟฝ๏ฟฝ๏ฟฝ๏ฟฝ๏ฟฝ๏ฟฝ๏ฟฝ๏ฟฝ๏ฟฝ๏ฟฝ๏ฟฝ๏ฟฝ๏ฟฝ๏ฟฝ๏ฟฝ๏ฟฝ๏ฟฝ๏ฟฝ๏ฟฝ๏ฟฝ๏ฟฝ๏ฟฝ๏ฟฝ๏ฟ,41,59b39718-62c7-45cc-952e-c78fb6feaf91
17,2026-02-20 10:26:36.201091+00,This blog makes making strawberry cake sound so simple and fun! The detailed instructions for the batter and frosting are really helpful. I๏ฟฝ๏ฟฝ๏ฟฝ๏ฟฝ๏ฟฝ๏ฟฝ๏ฟฝ๏ฟฝ๏ฟฝ๏ฟฝ๏ฟฝ๏ฟฝ๏ฟฝ๏ฟฝ๏ฟฝ๏ฟฝ๏ฟฝ๏ฟฝ๏ฟฝ๏ฟฝ๏ฟฝ๏ฟฝ๏ฟฝ๏ฟฝ๏ฟฝ๏ฟฝ๏ฟฝm especially exci,42,e31a9b9b-e766-45cf-9381-c575c91f1959
18,2026-02-21 10:26:54.95381+00,"Wow, the tips for baking and decorating a strawberry cake are fantastic. I love the idea of using fresh strawberries as a garnish and the suggestion for adding a layer of strawberry jam. Definitely inspired to bake one for my next family gathering!",42,5087a2a3-efd2-4d78-9123-c208ef18752e
19,2026-02-22 10:27:12.872773+00,This post has me craving strawberry cake! The step-by-step guide for preparing the batter and frosting is perfect. I also appreciate the variations and serving suggestions๏ฟฝ๏ฟฝ๏ฟฝ๏ฟฝ๏ฟฝ๏ฟฝ๏ฟฝ๏ฟฝ๏ฟฝ๏ฟฝ๏ฟฝ๏ฟฝ๏ฟฝ๏ฟฝ๏ฟฝ๏ฟฝ๏ฟฝ๏ฟฝ๏ฟฝ๏ฟฝ๏ฟฝ๏ฟฝ๏ฟฝ๏,42,59b39718-62c7-45cc-952e-c78fb6feaf91
20,2026-02-22 10:27:27.527861+00,The combination of cream cheese frosting and strawberry puree sounds heavenly. I can๏ฟฝ๏ฟฝ๏ฟฝ๏ฟฝ๏ฟฝ๏ฟฝ๏ฟฝ๏ฟฝ๏ฟฝ๏ฟฝ๏ฟฝ๏ฟฝ๏ฟฝ๏ฟฝ๏ฟฝ๏ฟฝ๏ฟฝ๏ฟฝ๏ฟฝ๏ฟฝ๏ฟฝ๏ฟฝ๏ฟฝ๏ฟฝ๏ฟฝ๏ฟฝ๏ฟฝt wait to try this recipe and impress my friends with a beautifully deco,42,e31a9b9b-e766-45cf-9381-c575c91f1959
21,2026-02-23 10:27:43.823831+00,I love how you๏ฟฝ๏ฟฝ๏ฟฝ๏ฟฝ๏ฟฝ๏ฟฝ๏ฟฝ๏ฟฝ๏ฟฝ๏ฟฝ๏ฟฝ๏ฟฝ๏ฟฝ๏ฟฝ๏ฟฝ๏ฟฝ๏ฟฝ๏ฟฝ๏ฟฝ๏ฟฝ๏ฟฝ๏ฟฝ๏ฟฝ๏ฟฝ๏ฟฝ๏ฟฝ๏ฟฝve explained the baking process and the importance of cooling the cakes properly. The decoration tips are also great๏ฟฝ๏ฟฝ๏ฟฝ๏ฟฝ๏ฟฝ๏ฟฝ๏ฟฝ๏ฟฝ๏ฟฝ๏ฟ,42,5087a2a3-efd2-4d78-9123-c208ef18752e
22,2026-02-26 10:27:57.201516+00,"This blog is a great resource for anyone looking to bake a strawberry cake. The recipe is clear, and the suggestions for different frostings and fillings make it easy to customize. I๏ฟฝ๏ฟฝ๏ฟฝ๏ฟฝ๏ฟฝ๏ฟฝ๏ฟฝ๏ฟฝ๏ฟฝ๏ฟฝ๏ฟฝ๏ฟฝ๏ฟฝ๏ฟ",42,59b39718-62c7-45cc-952e-c78fb6feaf91
23,2026-02-26 10:28:11.283106+00,The strawberry cake looks absolutely scrumptious! I appreciate the emphasis on using high-quality ingredients and the tips for avoiding a dense cake. The ideas for serving with vanilla ice cream or whipped cream are perfect for an extra touch of indulgence.,42,e31a9b9b-e766-45cf-9381-c575c91f1959
24,2026-02-23 10:28:38.373098+00,This blog has given me so many delicious ideas for almond desserts! I๏ฟฝ๏ฟฝ๏ฟฝ๏ฟฝ๏ฟฝ๏ฟฝ๏ฟฝ๏ฟฝ๏ฟฝ๏ฟฝ๏ฟฝ๏ฟฝ๏ฟฝ๏ฟฝ๏ฟฝ๏ฟฝ๏ฟฝ๏ฟฝ๏ฟฝ๏ฟฝ๏ฟฝ๏ฟฝ๏ฟฝ๏ฟฝ๏ฟฝ๏ฟฝ๏ฟฝm particularly excited to try the almond croissants and the almond pudding. The recipes seem straigh,43,5087a2a3-efd2-4d78-9123-c208ef18752e
25,2026-02-24 10:28:56.812798+00,I love how the blog covers a range of almond desserts from cakes to pastries to puddings. The classic almond cake recipe sounds perfect for my next gathering. I also appreciate the creative variations like almond brittle and truffles๏ฟฝ๏ฟฝ๏ฟฝ๏ฟฝ๏ฟฝ๏ฟฝ๏ฟฝ๏ฟฝ๏ฟฝ๏ฟฝ๏ฟฝ,43,59b39718-62c7-45cc-952e-c78fb6feaf91
26,2026-02-25 10:29:27.105956+00,"The almond dessert ideas are fantastic! I๏ฟฝ๏ฟฝ๏ฟฝ๏ฟฝ๏ฟฝ๏ฟฝ๏ฟฝ๏ฟฝ๏ฟฝ๏ฟฝ๏ฟฝ๏ฟฝ๏ฟฝ๏ฟฝ๏ฟฝ๏ฟฝ๏ฟฝ๏ฟฝ๏ฟฝ๏ฟฝ๏ฟฝ๏ฟฝ๏ฟฝ๏ฟฝ๏ฟฝ๏ฟฝ๏ฟฝm especially intrigued by the almond financiers and the light, creamy almond pudding. The detailed instructions and variety of options make it easy to",43,e31a9b9b-e766-45cf-9381-c575c91f1959
27,2026-02-26 10:29:48.228557+00,"This blog is a fantastic guide for creating the perfect party cake! I love the detailed tips on choosing flavors, baking, and decorating. The suggestions for personalizing the cake and adding finishing touches are especially helpful. Can๏ฟฝ๏ฟฝ๏ฟฝ๏ฟฝ๏ฟฝ๏ฟฝ๏ฟฝ๏ฟฝ๏ฟฝ๏ฟฝ๏ฟฝ๏ฟฝ๏ฟฝ๏ฟฝ๏ฟฝ๏ฟฝ๏ฟฝ๏ฟฝ๏ฟฝ๏ฟ",44,5087a2a3-efd2-4d78-9123-c208ef18752e
